MAE,RMSE,MAPE
0.2165219791666664,0.24942429839410332,0.9521910985425412
