MAE,RMSE,MAPE
3.267151047750239,3.605245767852829,14.368258107781143
